{"party":"Conservative","week":1,"vader_avg":0.07546190843373438,"pos_count":324,"neg_count":5843,"neu_count":4208,"comment_volume":10375,"total":10375,"trans_pos_ratio":0.031228915662650604,"trans_neg_ratio":0.5631807228915663,"trans_neu_ratio":0.40559036144578314}
{"party":"Conservative","week":2,"vader_avg":0.036800560808607684,"pos_count":604,"neg_count":6866,"neu_count":7865,"comment_volume":15335,"total":15335,"trans_pos_ratio":0.03938702314965765,"trans_neg_ratio":0.4477339419628301,"trans_neu_ratio":0.5128790348875122}
{"party":"Conservative","week":3,"vader_avg":0.04051557627045793,"pos_count":806,"neg_count":9082,"neu_count":13391,"comment_volume":23279,"total":23279,"trans_pos_ratio":0.03462348039005112,"trans_neg_ratio":0.39013703337772243,"trans_neu_ratio":0.5752394862322264}
{"party":"Conservative","week":4,"vader_avg":0.08289814121510694,"pos_count":250,"neg_count":7912,"neu_count":7063,"comment_volume":15225,"total":15225,"trans_pos_ratio":0.016420361247947456,"trans_neg_ratio":0.519671592775041,"trans_neu_ratio":0.4639080459770115}
{"party":"Conservative","week":5,"vader_avg":-0.07431902627139096,"pos_count":672,"neg_count":10463,"neu_count":9610,"comment_volume":20745,"total":20745,"trans_pos_ratio":0.032393347794649315,"trans_neg_ratio":0.5043624969872258,"trans_neu_ratio":0.46324415521812484}
{"party":"Conservative","week":6,"vader_avg":0.0012282001669322177,"pos_count":1609,"neg_count":11836,"neu_count":12913,"comment_volume":26358,"total":26358,"trans_pos_ratio":0.06104408528719933,"trans_neg_ratio":0.44904772744517796,"trans_neu_ratio":0.48990818726762275}
{"party":"Conservative","week":7,"vader_avg":0.044361287983652894,"pos_count":926,"neg_count":12646,"neu_count":16770,"comment_volume":30342,"total":30342,"trans_pos_ratio":0.030518752883791442,"trans_neg_ratio":0.4167820183244348,"trans_neu_ratio":0.5526992287917738}
{"party":"Conservative","week":8,"vader_avg":0.08470192255125206,"pos_count":916,"neg_count":9202,"neu_count":11832,"comment_volume":21950,"total":21950,"trans_pos_ratio":0.04173120728929385,"trans_neg_ratio":0.4192255125284738,"trans_neu_ratio":0.5390432801822324}
{"party":"Conservative","week":9,"vader_avg":-0.06734116302328766,"pos_count":632,"neg_count":10569,"neu_count":9796,"comment_volume":20997,"total":20997,"trans_pos_ratio":0.030099538029242274,"trans_neg_ratio":0.5033576225175025,"trans_neu_ratio":0.46654283945325525}
{"party":"Conservative","week":10,"vader_avg":0.05147817179255604,"pos_count":782,"neg_count":9900,"neu_count":10355,"comment_volume":21037,"total":21037,"trans_pos_ratio":0.03717260065598707,"trans_neg_ratio":0.47059942006940153,"trans_neu_ratio":0.49222797927461137}
{"party":"Conservative","week":11,"vader_avg":-0.0017830232472457973,"pos_count":1902,"neg_count":12860,"neu_count":12381,"comment_volume":27143,"total":27143,"trans_pos_ratio":0.07007331540360313,"trans_neg_ratio":0.47378698006852593,"trans_neu_ratio":0.4561397045278709}
{"party":"Conservative","week":12,"vader_avg":0.0857508977690386,"pos_count":2316,"neg_count":17892,"neu_count":22509,"comment_volume":42717,"total":42717,"trans_pos_ratio":0.054217290540066014,"trans_neg_ratio":0.41884963831729755,"trans_neu_ratio":0.5269330711426364}
{"party":"Conservative","week":13,"vader_avg":0.08115640901985566,"pos_count":2358,"neg_count":26487,"neu_count":31289,"comment_volume":60134,"total":60134,"trans_pos_ratio":0.03921242558286493,"trans_neg_ratio":0.4404662919479828,"trans_neu_ratio":0.5203212824691522}
{"party":"Conservative","week":14,"vader_avg":0.03639755602631291,"pos_count":1212,"neg_count":20766,"neu_count":22867,"comment_volume":44845,"total":44845,"trans_pos_ratio":0.027026424350540753,"trans_neg_ratio":0.46306165681792844,"trans_neu_ratio":0.5099119188315309}
{"party":"Conservative","week":15,"vader_avg":0.06403813506815363,"pos_count":1465,"neg_count":18529,"neu_count":21970,"comment_volume":41964,"total":41964,"trans_pos_ratio":0.0349108759889429,"trans_neg_ratio":0.4415451339243161,"trans_neu_ratio":0.523543990086741}
{"party":"Conservative","week":16,"vader_avg":-0.013750747009800723,"pos_count":1705,"neg_count":21126,"neu_count":23487,"comment_volume":46318,"total":46318,"trans_pos_ratio":0.036810743123623646,"trans_neg_ratio":0.4561077766742951,"trans_neu_ratio":0.5070814802020812}
{"party":"Conservative","week":17,"vader_avg":0.06829605046534282,"pos_count":2461,"neg_count":24143,"neu_count":32922,"comment_volume":59526,"total":59526,"trans_pos_ratio":0.04134327856734872,"trans_neg_ratio":0.4055874743809428,"trans_neu_ratio":0.5530692470517085}
{"party":"Conservative","week":18,"vader_avg":0.0686924022248756,"pos_count":1614,"neg_count":16478,"neu_count":16247,"comment_volume":34339,"total":34339,"trans_pos_ratio":0.04700195113427881,"trans_neg_ratio":0.479862546958269,"trans_neu_ratio":0.4731355019074522}
{"party":"Liberal","week":1,"vader_avg":0.06106126045809893,"pos_count":454,"neg_count":7076,"neu_count":7052,"comment_volume":14582,"total":14582,"trans_pos_ratio":0.031134275133726512,"trans_neg_ratio":0.485255794815526,"trans_neu_ratio":0.4836099300507475}
{"party":"Liberal","week":2,"vader_avg":0.04378877830405525,"pos_count":1644,"neg_count":21506,"neu_count":26887,"comment_volume":50037,"total":50037,"trans_pos_ratio":0.032855686791774086,"trans_neg_ratio":0.42980194655954596,"trans_neu_ratio":0.53734236664868}
{"party":"Liberal","week":3,"vader_avg":0.09082883731857647,"pos_count":1747,"neg_count":14684,"neu_count":21877,"comment_volume":38308,"total":38308,"trans_pos_ratio":0.04560405137308134,"trans_neg_ratio":0.3833141902474679,"trans_neu_ratio":0.5710817583794507}
{"party":"Liberal","week":4,"vader_avg":0.09777920905029015,"pos_count":698,"neg_count":8618,"neu_count":11722,"comment_volume":21038,"total":21038,"trans_pos_ratio":0.03317805875083183,"trans_neg_ratio":0.4096396995912159,"trans_neu_ratio":0.5571822416579523}
{"party":"Liberal","week":5,"vader_avg":-0.009452409519228192,"pos_count":1583,"neg_count":13460,"neu_count":20296,"comment_volume":35339,"total":35339,"trans_pos_ratio":0.0447947027363536,"trans_neg_ratio":0.3808823113274286,"trans_neu_ratio":0.5743229859362178}
{"party":"Liberal","week":6,"vader_avg":0.008581882063332318,"pos_count":1733,"neg_count":14933,"neu_count":28019,"comment_volume":44685,"total":44685,"trans_pos_ratio":0.038782589235761444,"trans_neg_ratio":0.33418373055835293,"trans_neu_ratio":0.6270336802058857}
{"party":"Liberal","week":7,"vader_avg":0.09352325556099453,"pos_count":1521,"neg_count":15061,"neu_count":20192,"comment_volume":36774,"total":36774,"trans_pos_ratio":0.04136074400391581,"trans_neg_ratio":0.40955566432805784,"trans_neu_ratio":0.5490835916680263}
{"party":"Liberal","week":8,"vader_avg":0.01717624087007476,"pos_count":2077,"neg_count":15771,"neu_count":19666,"comment_volume":37514,"total":37514,"trans_pos_ratio":0.05536599669456736,"trans_neg_ratio":0.42040304952817614,"trans_neu_ratio":0.5242309537772565}
{"party":"Liberal","week":9,"vader_avg":0.0253339847106267,"pos_count":1914,"neg_count":18530,"neu_count":24947,"comment_volume":45391,"total":45391,"trans_pos_ratio":0.04216694939525457,"trans_neg_ratio":0.40823070652772575,"trans_neu_ratio":0.5496023440770197}
{"party":"Liberal","week":10,"vader_avg":0.04049926152805463,"pos_count":2942,"neg_count":21011,"neu_count":29265,"comment_volume":53218,"total":53218,"trans_pos_ratio":0.055282047427562105,"trans_neg_ratio":0.3948100266827013,"trans_neu_ratio":0.5499079258897366}
{"party":"Liberal","week":11,"vader_avg":7.619579822639068E-4,"pos_count":3407,"neg_count":25966,"neu_count":33886,"comment_volume":63259,"total":63259,"trans_pos_ratio":0.05385794906653599,"trans_neg_ratio":0.410471237294298,"trans_neu_ratio":0.535670813639166}
{"party":"Liberal","week":12,"vader_avg":0.12079766239220881,"pos_count":4043,"neg_count":27952,"neu_count":44194,"comment_volume":76189,"total":76189,"trans_pos_ratio":0.05306540314218588,"trans_neg_ratio":0.36687710824397224,