{"party":"Conservative","week":1,"vader_avg":0.05311480991992493,"pos_count":388,"neg_count":7779,"neu_count":4696,"comment_volume":12863,"total":12863,"trans_pos_ratio":0.030164036383425328,"trans_neg_ratio":0.6047578325429527,"trans_neu_ratio":0.365078131073622}
{"party":"Conservative","week":2,"vader_avg":-0.1755871507875689,"pos_count":888,"neg_count":25562,"neu_count":17864,"comment_volume":44314,"total":44314,"trans_pos_ratio":0.02003881391885183,"trans_neg_ratio":0.5768380195874893,"trans_neu_ratio":0.40312316649365887}
{"party":"Conservative","week":3,"vader_avg":0.0034092155774479234,"pos_count":1220,"neg_count":20801,"neu_count":21221,"comment_volume":43242,"total":43242,"trans_pos_ratio":0.028213311132695065,"trans_neg_ratio":0.48103695481245085,"trans_neu_ratio":0.49074973405485406}
{"party":"Conservative","week":4,"vader_avg":0.016056148501418347,"pos_count":920,"neg_count":22074,"neu_count":25652,"comment_volume":48646,"total":48646,"trans_pos_ratio":0.018912140772108704,"trans_neg_ratio":0.4537680384820951,"trans_neu_ratio":0.5273198207457962}
{"party":"Conservative","week":5,"vader_avg":-0.051914370300635275,"pos_count":2012,"neg_count":39924,"neu_count":38793,"comment_volume":80729,"total":80729,"trans_pos_ratio":0.024922890163386145,"trans_neg_ratio":0.49454347260587894,"trans_neu_ratio":0.48053363723073494}
{"party":"Conservative","week":6,"vader_avg":-0.03841448975167904,"pos_count":3365,"neg_count":37867,"neu_count":41806,"comment_volume":83038,"total":83038,"trans_pos_ratio":0.040523615694019605,"trans_neg_ratio":0.4560201353597148,"trans_neu_ratio":0.5034562489462656}
{"party":"Conservative","week":7,"vader_avg":-0.018524127383133537,"pos_count":1739,"neg_count":35007,"neu_count":29291,"comment_volume":66037,"total":66037,"trans_pos_ratio":0.026333722004330904,"trans_neg_ratio":0.530111906961249,"trans_neu_ratio":0.4435543710344201}
{"party":"Conservative","week":8,"vader_avg":-0.019170238642537866,"pos_count":1780,"neg_count":23753,"neu_count":22321,"comment_volume":47854,"total":47854,"trans_pos_ratio":0.03719647260417102,"trans_neg_ratio":0.4963639403184687,"trans_neu_ratio":0.46643958707736033}
{"party":"Conservative","week":9,"vader_avg":-0.09300708747710065,"pos_count":1496,"neg_count":31442,"neu_count":28198,"comment_volume":61136,"total":61136,"trans_pos_ratio":0.024470034022507196,"trans_neg_ratio":0.5142959958126145,"trans_neu_ratio":0.4612339701648783}
{"party":"Conservative","week":10,"vader_avg":-0.0749046510800734,"pos_count":2579,"neg_count":45302,"neu_count":36465,"comment_volume":84346,"total":84346,"trans_pos_ratio":0.030576435159936452,"trans_neg_ratio":0.5370971948877243,"trans_neu_ratio":0.4323263699523392}
{"party":"Conservative","week":11,"vader_avg":-0.039046064703669114,"pos_count":3005,"neg_count":37807,"neu_count":36247,"comment_volume":77059,"total":77059,"trans_pos_ratio":0.038996093902075035,"trans_neg_ratio":0.4906240672731284,"trans_neu_ratio":0.47037983882479656}
{"party":"Conservative","week":12,"vader_avg":0.05714579694019503,"pos_count":3178,"neg_count":35382,"neu_count":33340,"comment_volume":71900,"total":71900,"trans_pos_ratio":0.04420027816411683,"trans_neg_ratio":0.4921001390820584,"trans_neu_ratio":0.4636995827538248}
{"party":"Conservative","week":13,"vader_avg":0.05149261839585501,"pos_count":3366,"neg_count":39358,"neu_count":42393,"comment_volume":85117,"total":85117,"trans_pos_ratio":0.03954556669055535,"trans_neg_ratio":0.46239881574773545,"trans_neu_ratio":0.4980556175617092}
{"party":"Conservative","week":14,"vader_avg":0.014030693780703625,"pos_count":1684,"neg_count":29704,"neu_count":28458,"comment_volume":59846,"total":59846,"trans_pos_ratio":0.028138889817197473,"trans_neg_ratio":0.49634060755940246,"trans_neu_ratio":0.47552050262340007}
{"party":"Conservative","week":15,"vader_avg":0.04916018642533942,"pos_count":2382,"neg_count":25689,"neu_count":27179,"comment_volume":55250,"total":55250,"trans_pos_ratio":0.043113122171945704,"trans_neg_ratio":0.46495927601809955,"trans_neu_ratio":0.49192760180995476}
{"party":"Conservative","week":16,"vader_avg":-0.01211497875640112,"pos_count":2253,"neg_count":30089,"neu_count":29559,"comment_volume":61901,"total":61901,"trans_pos_ratio":0.03639682719180627,"trans_neg_ratio":0.4860826157897288,"trans_neu_ratio":0.47752055701846496}
{"party":"Conservative","week":17,"vader_avg":0.0683564417513576,"pos_count":2875,"neg_count":32072,"neu_count":38162,"comment_volume":73109,"total":73109,"trans_pos_ratio":0.03932484372649058,"trans_neg_ratio":0.4386874393029586,"trans_neu_ratio":0.5219877169705508}
{"party":"Conservative","week":18,"vader_avg":0.07537072672567144,"pos_count":2137,"neg_count":22477,"neu_count":20919,"comment_volume":45533,"total":45533,"trans_pos_ratio":0.046932993652955,"trans_neg_ratio":0.49364197395295717,"trans_neu_ratio":0.45942503239408783}
{"party":"Liberal","week":1,"vader_avg":0.061061260458099044,"pos_count":454,"neg_count":7076,"neu_count":7052,"comment_volume":14582,"total":14582,"trans_pos_ratio":0.031134275133726512,"trans_neg_ratio":0.485255794815526,"trans_neu_ratio":0.4836099300507475}
{"party":"Liberal","week":2,"vader_avg":0.04378877830405544,"pos_count":1644,"neg_count":21506,"neu_count":26887,"comment_volume":50037,"total":50037,"trans_pos_ratio":0.032855686791774086,"trans_neg_ratio":0.42980194655954596,"trans_neu_ratio":0.53734236664868}
{"party":"Liberal","week":3,"vader_avg":0.09082883731857536,"pos_count":1747,"neg_count":14684,"neu_count":21877,"comment_volume":38308,"total":38308,"trans_pos_ratio":0.04560405137308134,"trans_neg_ratio":0.3833141902474679,"trans_neu_ratio":0.5710817583794507}
{"party":"Liberal","week":4,"vader_avg":0.09777920905028975,"pos_count":698,"neg_count":8618,"neu_count":11722,"comment_volume":21038,"total":21038,"trans_pos_ratio":0.03317805875083183,"trans_neg_ratio":0.4096396995912159,"trans_neu_ratio":0.5571822416579523}
{"party":"Liberal","week":5,"vader_avg":-0.009452409519228244,"pos_count":1583,"neg_count":13460,"neu_count":20296,"comment_volume":35339,"total":35339,"trans_pos_ratio":0.0447947027363536,"trans_neg_ratio":0.3808823113274286,"trans_neu_ratio":0.5743229859362178}
{"party":"Liberal","week":6,"vader_avg":0.008581882063332403,"pos_count":1733,"neg_count":14933,"neu_count":28019,"comment_volume":44685,"total":44685,"trans_pos_ratio":0.038782589235761444,"trans_neg_ratio":0.33418373055835293,"trans_neu_ratio":0.6270336802058857}
{"party":"Liberal","week":7,"vader_avg":0.09352325556099444,"pos_count":1521,"neg_count":15061,"neu_count":20192,"comment_volume":36774,"total":36774,"trans_pos_ratio":0.04136074400391581,"trans_neg_ratio":0.40955566432805784,"trans_neu_ratio":0.5490835916680263}
{"party":"Liberal","week":8,"vader_avg":0.017176240870075132,"pos_count":2077,"neg_count":15771,"neu_count":19666,"comment_volume":37514,"total":37514,"trans_pos_ratio":0.05536599669456736,"trans_neg_ratio":0.42040304952817614,"trans_neu_ratio":0.5242309537772565}
{"party":"Liberal","week":9,"vader_avg":0.025333984710625142,"pos_count":1914,"neg_count":18530,"neu_count":24947,"comment_volume":45391,"total":45391,"trans_pos_ratio":0.04216694939525457,"trans_neg_ratio":0.40823070652772575,"trans_neu_ratio":0.5496023440770197}
{"party":"Liberal","week":10,"vader_avg":0.040499261528055386,"pos_count":2942,"neg_count":21011,"neu_count":29265,"comment_volume":53218,"total":53218,"trans_pos_ratio":0.055282047427562105,"trans_neg_ratio":0.3948100266827013,"trans_neu_ratio":0.5499079258897366}
{"party":"Liberal","week":11,"vader_avg":7.619579822637099E-4,"pos_count":3407,"neg_count":25966,"neu_count":33886,"comment_volume":63259,"total":63259,"trans_pos_ratio":0.05385794906653599,"trans_neg_ratio":0.410471237294298,"trans_neu_ratio":0.535670813639166}
{"party":"Liberal","week":12,"vader_avg":0.12079766239220895,"pos_count":4043,"neg_count":27952,"neu_count":44194,"comment_volume":76189,"total":76189,"trans_pos_ratio":0.05306540314218588,"trans_neg_ratio":0.36687710824397224,